CREATE DATABASE DIAGNOSTICO
GO
USE DIAGNOSTICO
GO
SET DATEFORMAT dmy;
GO
CREATE TABLE OBRAS_SOCIALES
(
	IDOBRASOCIAL int NOT NULL PRIMARY KEY,
	NOMBRE varchar(50) NOT NULL,
	COBERTURA decimal (10, 2) NOT NULL CHECK (COBERTURA BETWEEN 0.00 AND 1.00)
	-- 0 (SIN DESCUENTO), 0.5 (50% DTO), 1 (100% DESCUENTO), ETC.
)
GO
CREATE TABLE PACIENTES
(
	IDPACIENTE bigint NOT NULL PRIMARY KEY,
	APELLIDO varchar(50) COLLATE Latin1_general_CI_AI NOT NULL,
	NOMBRE varchar(50) COLLATE Latin1_general_CI_AI NOT NULL,
	IDOBRASOCIAL int NULL FOREIGN KEY REFERENCES OBRAS_SOCIALES(IDOBRASOCIAL),
	FECHANAC date NOT NULL,
	SEXO char NOT NULL CHECK (SEXO IN ('M', 'F'))
)
GO
CREATE TABLE ESPECIALIDADES
(
	IDESPECIALIDAD int NOT NULL PRIMARY KEY,
	NOMBRE varchar(50) COLLATE Latin1_general_CI_AI NOT NULL
)
GO
CREATE TABLE MEDICOS
(
	IDMEDICO bigint NOT NULL PRIMARY KEY,
	IDESPECIALIDAD int NOT NULL FOREIGN KEY REFERENCES ESPECIALIDADES (IDESPECIALIDAD),
	APELLIDO varchar(50) NOT NULL,
	NOMBRE varchar(50) NOT NULL,
	SEXO char NOT NULL CHECK (SEXO IN ('M', 'F')),
	FECHANAC date NOT NULL,
	FECHAINGRESO date NOT NULL,
	COSTO_CONSULTA money NOT NULL CHECK (COSTO_CONSULTA >= 0)
)
GO
CREATE TABLE TURNOS
(
	IDTURNO bigint NOT NULL PRIMARY KEY,
	FECHAHORA datetime NOT NULL,
	IDMEDICO bigint NOT NULL FOREIGN KEY REFERENCES MEDICOS (IDMEDICO),
	IDPACIENTE bigint NOT NULL FOREIGN KEY REFERENCES PACIENTES (IDPACIENTE),
	DURACION int NOT NULL CHECK (DURACION > 0)
	-- EN MINUTOS 
)

/* OBRAS SOCIALES */
INSERT INTO OBRAS_SOCIALES
	(IDOBRASOCIAL, NOMBRE, COBERTURA)
VALUES
	(1, 'PAMI', 0.7)
INSERT INTO OBRAS_SOCIALES
	(IDOBRASOCIAL, NOMBRE, COBERTURA)
VALUES
	(2, 'GALENO', 0.5)
INSERT INTO OBRAS_SOCIALES
	(IDOBRASOCIAL, NOMBRE, COBERTURA)
VALUES
	(3, 'OSDE', 0.5)
INSERT INTO OBRAS_SOCIALES
	(IDOBRASOCIAL, NOMBRE, COBERTURA)
VALUES
	(4, 'DASUTEN', 0.5)
INSERT INTO OBRAS_SOCIALES
	(IDOBRASOCIAL, NOMBRE, COBERTURA)
VALUES
	(5, 'SWISS MEDICAL', 0.6)
INSERT INTO OBRAS_SOCIALES
	(IDOBRASOCIAL, NOMBRE, COBERTURA)
VALUES
	(6, 'UTHGRA', 0.4)
INSERT INTO OBRAS_SOCIALES
	(IDOBRASOCIAL, NOMBRE, COBERTURA)
VALUES
	(7, 'OSDEPYM', 0.5)
INSERT INTO OBRAS_SOCIALES
	(IDOBRASOCIAL, NOMBRE, COBERTURA)
VALUES
	(8, 'IOMA', 0.4)
INSERT INTO OBRAS_SOCIALES
	(IDOBRASOCIAL, NOMBRE, COBERTURA)
VALUES
	(9, 'OSCHOCA', 0.6)
INSERT INTO OBRAS_SOCIALES
	(IDOBRASOCIAL, NOMBRE, COBERTURA)
VALUES
	(10, 'OSPACA', 0.4)
INSERT INTO OBRAS_SOCIALES
	(IDOBRASOCIAL, NOMBRE, COBERTURA)
VALUES
	(11, 'CALABUIG HEALTH', 0.2)
INSERT INTO OBRAS_SOCIALES
	(IDOBRASOCIAL, NOMBRE, COBERTURA)
VALUES
	(12, 'KLOSTER MEDICAL', 0.2)
INSERT INTO OBRAS_SOCIALES
	(IDOBRASOCIAL, NOMBRE, COBERTURA)
VALUES
	(13, 'SQL MEDICAL', 1)

/* ESPECIALIDADES */
INSERT INTO ESPECIALIDADES
	(IDESPECIALIDAD, NOMBRE)
VALUES
	(1, 'MÉDICO CLÍNICO')
INSERT INTO ESPECIALIDADES
	(IDESPECIALIDAD, NOMBRE)
VALUES
	(2, 'CARDIOLOGÍA')
INSERT INTO ESPECIALIDADES
	(IDESPECIALIDAD, NOMBRE)
VALUES
	(3, 'GASTROENTEROLOGÍA')
INSERT INTO ESPECIALIDADES
	(IDESPECIALIDAD, NOMBRE)
VALUES
	(4, 'PEDIATRÍA')
INSERT INTO ESPECIALIDADES
	(IDESPECIALIDAD, NOMBRE)
VALUES
	(5, 'ENDOCRINOLOGÍA')
INSERT INTO ESPECIALIDADES
	(IDESPECIALIDAD, NOMBRE)
VALUES
	(6, 'ODONTOLOGÍA')
INSERT INTO ESPECIALIDADES
	(IDESPECIALIDAD, NOMBRE)
VALUES
	(7, 'NEUROLOGÍA')
INSERT INTO ESPECIALIDADES
	(IDESPECIALIDAD, NOMBRE)
VALUES
	(8, 'NEUMOLOGÍA')
INSERT INTO ESPECIALIDADES
	(IDESPECIALIDAD, NOMBRE)
VALUES
	(9, 'NUTRICIÓN')
INSERT INTO ESPECIALIDADES
	(IDESPECIALIDAD, NOMBRE)
VALUES
	(10, 'OFTALMOLOGÍA')
INSERT INTO ESPECIALIDADES
	(IDESPECIALIDAD, NOMBRE)
VALUES
	(11, 'ONCOLOGÍA')
INSERT INTO ESPECIALIDADES
	(IDESPECIALIDAD, NOMBRE)
VALUES
	(12, 'PSIQUIATRÍA')
INSERT INTO ESPECIALIDADES
	(IDESPECIALIDAD, NOMBRE)
VALUES
	(13, 'REUMATOLOGÍA')
INSERT INTO ESPECIALIDADES
	(IDESPECIALIDAD, NOMBRE)
VALUES
	(14, 'UROLOGÍA')
INSERT INTO ESPECIALIDADES
	(IDESPECIALIDAD, NOMBRE)
VALUES
	(15, 'PROCTOLOGÍA')
INSERT INTO ESPECIALIDADES
	(IDESPECIALIDAD, NOMBRE)
VALUES
	(16, 'DERMATOLOGÍA')
INSERT INTO ESPECIALIDADES
	(IDESPECIALIDAD, NOMBRE)
VALUES
	(17, 'CIRUGÍA GENERAL')
INSERT INTO ESPECIALIDADES
	(IDESPECIALIDAD, NOMBRE)
VALUES
	(18, 'ANÁLISIS CLÍNICOS')
INSERT INTO ESPECIALIDADES
	(IDESPECIALIDAD, NOMBRE)
VALUES
	(19, 'ANÁLISIS DE ANATOMÍA PATOLÓGICA')
INSERT INTO ESPECIALIDADES
	(IDESPECIALIDAD, NOMBRE)
VALUES
	(20, 'ANÁLISIS DE MICROBIOLOGÍA Y PARASITOLOGÍA')
INSERT INTO ESPECIALIDADES
	(IDESPECIALIDAD, NOMBRE)
VALUES
	(21, 'ANÁLISIS DE GEŃETICA MÉDICA')
INSERT INTO ESPECIALIDADES
	(IDESPECIALIDAD, NOMBRE)
VALUES
	(22, 'ANÁLISIS DE MEDICINA NUCLEAR')

/* PACIENTES */
INSERT INTO PACIENTES
	([IDPACIENTE],[APELLIDO],[NOMBRE],[IDOBRASOCIAL],[FECHANAC],[SEXO])
VALUES(1, 'Maldonado', 'Alex', 4, '24/03/1994', 'M'),
	(2, 'Longo', 'Enrico', 13, '09/08/1997', 'M'),
	(3, 'Paredes', 'Helen', 3, '29/03/1988', 'F'),
	(4, 'González', 'Paolo', 9, '06/10/2002', 'F'),
	(5, 'Salazar', 'Angela', 11, '05/01/1968', 'M'),
	(6, 'Rizzo', 'Yarela', 6, '17/10/1956', 'F'),
	(7, 'Palma', 'Marco', 13, '29/12/1971', 'F'),
	(8, 'Cavallo', 'Joakin', 4, '12/10/1967', 'F'),
	(9, 'Costantini', 'Gianluca', 4, '22/05/1966', 'F'),
	(10, 'Ceccarelli', 'Angelo', 13, '10/09/1961', 'F'),
	(11, 'Henríquez', 'Alessandra', 10, '15/07/1993', 'M'),
	(12, 'Olivares', 'Giancarlo', 12, '05/11/1956', 'F'),
	(13, 'Proietti', 'Andy', 8, '15/04/2009', 'M'),
	(14, 'Costa', 'Lara', 8, '17/07/1975', 'F'),
	(15, 'Espinoza', 'Daniela', 12, '03/07/1966', 'M'),
	(16, 'Mele', 'Miriam', 9, '25/07/1993', 'F'),
	(17, 'Sánchez', 'Martinna', 10, '08/10/1989', 'F'),
	(18, 'Morales', 'Cristiano', 13, '06/06/1994', 'F'),
	(19, 'Pérez', 'Mattia', 9, '01/04/1966', 'F'),
	(20, 'Silva', 'Anna', 4, '13/07/1982', 'M'),
	(21, 'García', 'Genaro', 7, '10/09/1958', 'M'),
	(22, 'Montanari', 'Davor', 3, '03/06/2006', 'F'),
	(23, 'Alvarado', 'Felipe', 13, '13/04/1960', 'F'),
	(24, 'Lombardo', 'Melany', 10, '07/12/2005', 'M'),
	(25, 'Herrera', 'Dastin', 3, '14/12/1948', 'F'),
	(26, 'Bernardi', 'Alice', 13, '21/02/1945', 'M'),
	(27, 'Proietti', 'Beatrice', 6, '10/03/2009', 'F'),
	(28, 'Araya', 'Viola', 3, '10/04/1948', 'M'),
	(29, 'Morales', 'Gianni', 6, '15/12/1946', 'F'),
	(30, 'Sanna', 'Mario', 10, '10/02/1981', 'F'),
	(31, 'De Angelis', 'Sarah', 6, '01/01/1947', 'M'),
	(32, 'Giordano', 'Leonor', 12, '01/03/1956', 'M'),
	(33, 'Silvestri', 'Nicolò', 6, '15/01/2006', 'F'),
	(34, 'Martínez', 'Alessio', 2, '26/01/1984', 'F'),
	(35, 'Donoso', 'Beatrice', 11, '12/12/2006', 'F'),
	(36, 'Escobar', 'Francesco', 13, '08/07/1982', 'M'),
	(37, 'Silva', 'Arianna', 8, '07/09/1976', 'M'),
	(38, 'Ortega', 'Valerio', 13, '10/05/2005', 'F'),
	(39, 'Bustos', 'Armando', 7, '30/01/2010', 'M'),
	(40, 'Morales', 'Roger', 1, '08/10/1963', 'M'),
	(41, 'Sanhueza', 'Paola', 4, '25/12/1976', 'M'),
	(42, 'Peña', 'Alfredo', 9, '04/03/1980', 'M'),
	(43, 'Peña', 'Lidia', 8, '25/05/1951', 'M'),
	(44, 'García', 'Margherita', 10, '31/08/1994', 'F'),
	(45, 'Figueroa', 'Flor', 13, '11/12/1994', 'M'),
	(46, 'Sandoval', 'Ema', 3, '16/09/1954', 'M'),
	(47, 'Ricciardi', 'Matilde', 8, '21/11/1965', 'F'),
	(48, 'Serra', 'Giacomo', 13, '27/06/1950', 'M'),
	(49, 'Carrasco', 'Greta', 8, '06/12/1977', 'M'),
	(50, 'Basile', 'Ainara', 12, '14/01/1976', 'M'),
	(51, 'Lombardo', 'Ginevra', 8, '21/12/1970', 'M'),
	(52, 'Greco', 'Alessia', 13, '14/05/1960', 'M'),
	(53, 'Henríquez', 'Junior', 7, '08/09/2003', 'M'),
	(54, 'Bravo', 'Gaia', 6, '19/12/1984', 'F'),
	(55, 'Leone', 'Cindy', 5, '03/10/1976', 'M'),
	(56, 'Herrera', 'Jhonatan', 3, '02/08/1992', 'F'),
	(57, 'De Rosa', 'Camilla', 4, '01/03/1955', 'M'),
	(58, 'López', 'Roberto', 4, '28/05/1996', 'M'),
	(59, 'Pino', 'León', 5, '24/05/1987', 'M'),
	(60, 'Valente', 'Monica', 13, '19/08/2010', 'M'),
	(61, 'Castillo', 'Estrella', 10, '25/09/1948', 'F'),
	(62, 'Bustamante', 'Lara', 8, '17/12/1978', 'M'),
	(63, 'Ortega', 'Mijael', 6, '24/09/1950', 'M'),
	(64, 'Rizzi', 'Alice', 7, '18/03/1963', 'F'),
	(65, 'San Martín', 'Domenico', 8, '14/03/1969', 'F'),
	(66, 'Espinoza', 'Aymara', 4, '31/01/2005', 'M'),
	(67, 'Sandoval', 'Simone', 4, '13/07/1984', 'F'),
	(68, 'Pérez', 'Vicente', 10, '14/07/1997', 'M'),
	(69, 'Messina', 'Ginevra', 2, '28/03/1996', 'F'),
	(70, 'García', 'Jasmín', 12, '12/09/2007', 'M'),
	(71, 'Conti', 'Nicolò', 9, '10/01/1947', 'M'),
	(72, 'Giorgi', 'Alessandro', 5, '25/10/1997', 'M'),
	(73, 'Valdés', 'Maite', 13, '21/08/1951', 'M'),
	(74, 'Longo', 'Ivanna', 4, '06/01/1997', 'M'),
	(75, 'Peña', 'Axcel', 5, '23/09/1971', 'M'),
	(76, 'Guzmán', 'Andrea', 8, '08/05/1985', 'F'),
	(77, 'Parra', 'Blanca', 12, '27/03/1960', 'F'),
	(78, 'Arena', 'Alain', 4, '20/10/1979', 'F'),
	(79, 'López', 'Josue', 9, '08/04/1996', 'M'),
	(80, 'Rodríguez', 'Francia', 7, '13/11/1987', 'F'),
	(81, 'Ruiz', 'Samuele', 1, '18/07/1960', 'M'),
	(82, 'Giuliani', 'Caterina', 4, '19/11/1960', 'M'),
	(83, 'Calabrese', 'Filippo', 4, '08/11/1984', 'M'),
	(84, 'Campos', 'Evans', 2, '26/06/1993', 'M'),
	(85, 'Soto', 'Gabriel', 6, '17/08/1947', 'M'),
	(86, 'Silvestri', 'Luca', 6, '26/05/1996', 'F'),
	(87, 'Lagos', 'Ismael', 7, '10/11/1952', 'M'),
	(88, 'Parra', 'Mayra', 8, '06/04/1958', 'F'),
	(89, 'Henríquez', 'Adiel', 2, '09/09/1955', 'F'),
	(90, 'Poblete', 'Thyare', 4, '06/03/1954', 'M'),
	(91, 'Jiménez', 'Anahy', 7, '19/05/2008', 'F'),
	(92, 'Riquelme', 'Noemi', 6, '23/12/1950', 'M'),
	(93, 'Rodríguez', 'Josepha', 11, '26/10/1993', 'M'),
	(94, 'Rizzo', 'Caroline', 6, '22/05/2000', 'M'),
	(95, 'Zúñiga', 'Mirko', 5, '09/04/1973', 'F'),
	(96, 'Ruggiero', 'Rodolfo', 2, '14/03/1994', 'M'),
	(97, 'Fumagalli', 'Christofer', 2, '17/03/2002', 'M'),
	(98, 'Ricciardi', 'Randy', 2, '09/02/1973', 'F'),
	(99, 'Colombo', 'Yesenia', 12, '14/01/1983', 'M'),
	(100, 'Montanari', 'Nicoletta', 3, '05/01/1952', 'M');
INSERT INTO PACIENTES
	([IDPACIENTE],[APELLIDO],[NOMBRE],[IDOBRASOCIAL],[FECHANAC],[SEXO])
VALUES(101, 'Cortés', 'Ademir', 10, '22/03/1980', 'F'),
	(102, 'Cavallo', 'Linda', 1, '02/04/1974', 'M'),
	(103, 'Fumagalli', 'Dalia', 10, '13/04/1968', 'F'),
	(104, 'Carrasco', 'Teresa', 12, '30/05/1950', 'F'),
	(105, 'Catalano', 'Adán', 5, '08/02/2005', 'M'),
	(106, 'Gutiérrez', 'Cristian', 1, '15/04/2005', 'F'),
	(107, 'Henríquez', 'Sara', 4, '25/07/1981', 'M'),
	(108, 'Guerra', 'Vittoria', 1, '27/11/1992', 'M'),
	(109, 'Vera', 'Bryam', 10, '15/06/1975', 'M'),
	(110, 'Longo', 'Nicoletta', 12, '25/03/1965', 'F'),
	(111, 'Piccolo', 'Emma', 3, '20/05/1967', 'F'),
	(112, 'Alvarado', 'Sara', 2, '09/08/1979', 'F'),
	(113, 'Carrasco', 'Stefano', 10, '11/09/1945', 'M'),
	(114, 'Napolitano', 'Viola', 13, '13/06/1952', 'M'),
	(115, 'Riva', 'Mariano', 9, '05/10/1988', 'F'),
	(116, 'Conti', 'Abram', 10, '17/01/2004', 'M'),
	(117, 'Vásquez', 'Christian', 7, '09/03/1988', 'M'),
	(118, 'Sorrentino', 'José', 12, '12/11/1986', 'M'),
	(119, 'Galli', 'Lucio', 3, '20/09/1988', 'M'),
	(120, 'Guzmán', 'Erika', 5, '16/09/1978', 'F'),
	(121, 'Maldonado', 'Riccardo', 7, '09/10/1948', 'F'),
	(122, 'Morales', 'Bautista', 12, '29/01/1958', 'M'),
	(123, 'Reyes', 'Aldo', 4, '08/08/1974', 'M'),
	(124, 'Valentini', 'Jastin', 6, '22/08/1945', 'F'),
	(125, 'Sáez', 'Alex', 9, '08/09/2000', 'M'),
	(126, 'Cavallo', 'Pascalle', 3, '26/07/1959', 'M'),
	(127, 'Vergara', 'Randy', 6, '09/05/1986', 'M'),
	(128, 'Mariani', 'Bayron', 3, '07/12/1998', 'F'),
	(129, 'Milani', 'Pascuala', 11, '10/02/1945', 'F'),
	(130, 'Testa', 'Ilaria', 13, '20/06/1956', 'M'),
	(131, 'Sepúlveda', 'Salvatore', 13, '22/11/1994', 'M'),
	(132, 'Fiore', 'Yeison', 12, '29/08/1961', 'F'),
	(133, 'Poblete', 'Federica', 1, '01/03/2007', 'F'),
	(134, 'Rodríguez', 'Miriam', 6, '27/05/1966', 'M'),
	(135, 'Salinas', 'Dario', 3, '21/10/1976', 'F'),
	(136, 'Marino', 'Arianna', 2, '24/05/1961', 'F'),
	(137, 'Castelli', 'Gisselle', 6, '10/01/1991', 'F'),
	(138, 'Sánchez', 'Alberto', 10, '20/11/1995', 'F'),
	(139, 'Milani', 'Alessia', 11, '04/06/1970', 'M'),
	(140, 'Venegas', 'Lionel', 4, '16/11/1989', 'M'),
	(141, 'Castro', 'Jordano', 11, '14/08/1969', 'M'),
	(142, 'Bruno', 'Arantxa', 13, '29/12/1959', 'F'),
	(143, 'Vitali', 'Michele', 4, '26/06/1951', 'F'),
	(144, 'Amato', 'Yeison', 10, '07/10/1949', 'F'),
	(145, 'Bellini', 'Giacomo', 6, '29/11/1956', 'M'),
	(146, 'Muñoz', 'Daniele', 12, '23/01/1964', 'M'),
	(147, 'Rizzo', 'Sebastián', 1, '08/06/1946', 'F'),
	(148, 'Garrido', 'Daniele', 10, '22/10/1995', 'M'),
	(149, 'Cattaneo', 'Romina', 8, '20/08/1971', 'F'),
	(150, 'Serra', 'Fredy', 7, '06/10/2006', 'M'),
	(151, 'Guzmán', 'Manuela', 11, '23/09/2005', 'F'),
	(152, 'Sanhueza', 'Ociel', 12, '06/04/2004', 'M'),
	(153, 'Moreno', 'Giancarlo', 11, '24/09/1996', 'M'),
	(154, 'Reyes', 'Naiara', 1, '12/11/1955', 'M'),
	(155, 'Cáceres', 'Jasmín', 1, '11/11/1970', 'M'),
	(156, 'Moro', 'Silvia', 13, '10/02/1970', 'F'),
	(157, 'Ferretti', 'Eleazar', 8, '02/11/1968', 'M'),
	(158, 'González', 'Lucia', 3, '16/11/1959', 'M'),
	(159, 'Serra', 'Noemi', 9, '14/09/1957', 'F'),
	(160, 'Moreno', 'Gastón', 1, '11/12/1981', 'M'),
	(161, 'Moreno', 'Mathias', 8, '10/03/1989', 'F'),
	(162, 'Cattaneo', 'Anahís', 10, '10/10/2002', 'M'),
	(163, 'Ruggiero', 'Nayara', 11, '27/07/2002', 'M'),
	(164, 'Morales', 'Nahuel', 4, '08/08/2006', 'M'),
	(165, 'Riva', 'Armin', 11, '08/10/1956', 'M'),
	(166, 'Conti', 'Lucio', 3, '14/10/1975', 'F'),
	(167, 'Gutiérrez', 'Ginevra', 6, '21/07/1955', 'M'),
	(168, 'Salinas', 'Karim', 2, '11/05/1993', 'M'),
	(169, 'Ferri', 'Betzabeth', 12, '20/10/1951', 'F'),
	(170, 'Fabbri', 'Samuele', 9, '06/10/1963', 'M'),
	(171, 'Valentini', 'Beatrice', 6, '07/01/1997', 'M'),
	(172, 'Meloni', 'Adriana', 3, '19/02/1957', 'M'),
	(173, 'De Santis', 'Robin', 4, '03/11/1961', 'M'),
	(174, 'Mazza', 'Nicolò', 10, '29/07/1960', 'F'),
	(175, 'Navarro', 'Daniele', 2, '19/12/1979', 'F'),
	(176, 'Sanhueza', 'Beatrice', 3, '19/09/1957', 'M'),
	(177, 'Contreras', 'Konstanza', 4, '04/03/1945', 'M'),
	(178, 'Barone', 'Samuele', 5, '26/12/1985', 'M'),
	(179, 'Hernández', 'Giorgio', 13, '12/06/1992', 'M'),
	(180, 'Donoso', 'Mónica', 3, '25/12/1954', 'F'),
	(181, 'Bianco', 'Maylin', 2, '03/11/1989', 'F'),
	(182, 'Pérez', 'Sean', 5, '11/09/1977', 'M'),
	(183, 'Medina', 'Giuseppe', 13, '14/11/1996', 'M'),
	(184, 'Soto', 'Gerson', 3, '16/12/2006', 'M'),
	(185, 'Fumagalli', 'Axl', 5, '03/07/2008', 'F'),
	(186, 'Leone', 'Marta', 8, '09/06/1983', 'M'),
	(187, 'Cáceres', 'Marcello', 10, '06/05/1962', 'M'),
	(188, 'Piazza', 'Alessia', 2, '08/11/1987', 'F'),
	(189, 'Monti', 'Luigi', 4, '23/11/1947', 'F'),
	(190, 'Valentini', 'Kilian', 4, '16/04/1990', 'F'),
	(191, 'Ramírez', 'Soraya', 5, '07/06/1948', 'M'),
	(192, 'Conte', 'Federica', 13, '13/03/1961', 'M'),
	(193, 'Farina', 'Kristopher', 10, '19/10/2004', 'F'),
	(194, 'Paredes', 'Rebecca', 7, '20/12/1985', 'M'),
	(195, 'De Angelis', 'Riccardo', 5, '20/06/1958', 'M'),
	(196, 'Riquelme', 'Erika', 13, '14/06/1953', 'M'),
	(197, 'Lagos', 'Fabio', 2, '14/02/2001', 'M'),
	(198, 'Ferretti', 'Alejandro', 3, '17/04/1949', 'M'),
	(199, 'Greco', 'Sofia', 11, '03/05/1959', 'M'),
	(200, 'Valenzuela', 'Sara', 3, '17/01/1950', 'F');

/* MEDICOS */
INSERT INTO MEDICOS
	([IDMEDICO],[APELLIDO],[NOMBRE],[SEXO],[FECHANAC],[FECHAINGRESO],[COSTO_CONSULTA],[IDESPECIALIDAD])
VALUES(1, 'Owen', 'Elijah', 'F', '13/12/1983', '11/05/2011', 1225, 1),
	(2, 'Medina', 'Uriel', 'F', '29/11/1979', '18/05/2001', 1283, 17),
	(3, 'Flynn', 'Charity', 'F', '08/12/1976', '09/11/2009', 466, 20),
	(4, 'Grimes', 'Kai', 'M', '18/12/1985', '11/04/2006', 743, 9),
	(5, 'Salazar', 'Angela', 'F', '02/02/1984', '07/12/2016', 697, 20),
	(6, 'Wood', 'Dacey', 'F', '06/06/1951', '25/11/2015', 347, 11),
	(7, 'Vaughn', 'Slade', 'M', '22/01/1977', '01/09/2013', 1570, 11),
	(8, 'Cash', 'Caleb', 'F', '05/01/1976', '18/03/2004', 588, 12),
	(9, 'Jefferson', 'Zephr', 'M', '29/11/1966', '30/12/2002', 1035, 17),
	(10, 'Vang', 'Price', 'F', '07/01/1958', '01/04/2013', 512, 2),
	(11, 'Bruce', 'Ethan', 'F', '22/03/1975', '26/11/2007', 1283, 22),
	(12, 'Castillo', 'Levi', 'M', '16/12/1983', '25/06/2002', 1223, 16),
	(13, 'Jefferson', 'Jael', 'M', '12/04/1953', '05/07/2002', 374, 10),
	(14, 'Pate', 'Martina', 'M', '17/05/1946', '03/06/1995', 366, 16),
	(15, 'Palmer', 'Sage', 'M', '25/01/1947', '14/05/1997', 325, 16),
	(16, 'Lucas', 'James', 'M', '10/04/1988', '12/09/2001', 1043, 15),
	(17, 'Kirby', 'Quemby', 'F', '01/08/1973', '29/03/2007', 289, 19),
	(18, 'Cannon', 'Melanie', 'M', '28/11/1946', '15/03/2004', 960, 8),
	(19, 'Maddox', 'James', 'M', '10/09/1961', '19/12/1999', 1410, 22),
	(20, 'Hale', 'Nomlanga', 'M', '25/11/1959', '23/01/1999', 1431, 4),
	(21, 'Mejia', 'Ora', 'M', '21/11/1961', '08/12/1995', 1505, 19),
	(22, 'Farrell', 'Porter', 'M', '15/11/1978', '15/07/2015', 1135, 7),
	(23, 'Obrien', 'Zelda', 'M', '31/12/1986', '20/04/2013', 1009, 17),
	(24, 'Avery', 'Idola', 'M', '20/10/1977', '01/11/2014', 822, 3),
	(25, 'Miranda', 'Kamal', 'M', '03/07/1953', '08/12/2014', 1087, 4),
	(26, 'Whitfield', 'Cara', 'F', '07/12/1988', '02/10/2015', 1251, 14),
	(27, 'Delacruz', 'Signe', 'M', '04/11/1960', '12/02/2000', 1391, 12),
	(28, 'Little', 'Jescie', 'M', '28/06/1947', '10/07/1995', 1254, 13),
	(29, 'Rosales', 'Kamal', 'F', '18/05/1961', '29/11/2002', 161, 8),
	(30, 'Ferrell', 'David', 'F', '04/10/1966', '16/02/2000', 1536, 17),
	(31, 'Hood', 'Rhea', 'F', '28/07/1963', '31/08/2003', 280, 16),
	(32, 'Hunter', 'Daryl', 'M', '19/12/1965', '22/03/1997', 822, 20),
	(33, 'Bridges', 'Iris', 'M', '14/12/1985', '29/05/2003', 1348, 21),
	(34, 'Bishop', 'Reece', 'F', '06/02/1958', '21/11/2005', 855, 13),
	(35, 'Pennington', 'Bell', 'F', '19/04/1973', '11/01/1996', 1348, 15),
	(36, 'Sykes', 'Barrett', 'M', '21/06/1974', '06/12/2014', 1440, 5),
	(37, 'Kim', 'Kareem', 'M', '24/04/1983', '13/12/1994', 1221, 22),
	(38, 'Jenkins', 'Lars', 'F', '01/10/1963', '08/02/2002', 963, 7),
	(39, 'Barr', 'Ariana', 'F', '01/04/1981', '06/02/2004', 437, 10),
	(40, 'Ashley', 'Chanda', 'M', '03/10/1965', '05/05/2007', 1532, 16),
	(41, 'Rice', 'Flavia', 'F', '04/09/1986', '23/11/2007', 1457, 5),
	(42, 'Kelley', 'Jessica', 'F', '09/06/1983', '10/06/1998', 505, 9),
	(43, 'Martinez', 'Isadora', 'F', '14/09/1958', '28/02/2000', 949, 13),
	(44, 'Lara', 'Alfreda', 'M', '16/05/1981', '06/03/2001', 413, 22),
	(45, 'Cannon', 'Stacey', 'F', '16/08/1970', '22/06/1996', 1402, 10),
	(46, 'Russell', 'Laith', 'F', '06/03/1969', '28/09/1996', 993, 1),
	(47, 'Berry', 'Audra', 'F', '14/02/1977', '09/04/2014', 270, 2),
	(48, 'Browning', 'Astra', 'F', '02/06/1984', '07/11/1998', 1214, 15),
	(49, 'Odom', 'Kuame', 'M', '08/08/1990', '30/04/2005', 1411, 12),
	(50, 'Craig', 'Rhona', 'F', '02/01/1966', '03/04/2014', 1278, 17),
	(51, 'English', 'Jonah', 'M', '16/05/1973', '12/03/2014', 1018, 16),
	(52, 'Hodge', 'Neve', 'F', '21/10/1947', '16/06/2016', 938, 13),
	(53, 'Murray', 'Chantale', 'M', '03/06/1956', '22/11/2002', 1441, 2),
	(54, 'Travis', 'September', 'M', '09/03/1954', '18/06/2003', 1305, 11),
	(55, 'Torres', 'Angela', 'F', '19/05/1953', '25/10/2009', 177, 21),
	(56, 'Herring', 'Janna', 'F', '15/08/1982', '23/10/2012', 899, 16),
	(57, 'Levine', 'Nomlanga', 'F', '24/09/1985', '10/11/2005', 1491, 21),
	(58, 'Hardy', 'Conan', 'M', '27/08/1975', '18/02/2015', 360, 13),
	(59, 'Berger', 'Jayme', 'F', '26/05/1952', '17/09/2011', 1386, 18),
	(60, 'Petersen', 'Miranda', 'M', '31/01/1962', '04/09/1999', 292, 7),
	(61, 'Simon', 'Knox', 'F', '26/05/1957', '14/01/2002', 841, 14),
	(62, 'Flores', 'Murphy', 'F', '26/08/1950', '02/11/2002', 260, 22),
	(63, 'Gardner', 'April', 'F', '03/11/1982', '18/08/2013', 238, 19),
	(64, 'Griffin', 'Kim', 'F', '25/01/1974', '13/10/2011', 598, 14),
	(65, 'Pittman', 'Hilda', 'M', '28/01/1973', '28/06/2015', 1496, 4),
	(66, 'Parrish', 'Yen', 'M', '18/03/1979', '02/11/2002', 649, 8),
	(67, 'Dixon', 'Byron', 'F', '13/10/1951', '30/03/2004', 1360, 14),
	(68, 'Yang', 'Barrett', 'F', '23/10/1968', '18/06/2016', 1557, 7),
	(69, 'Orr', 'Aileen', 'M', '11/11/1949', '07/02/2013', 1089, 9),
	(70, 'Middleton', 'Hyacinth', 'F', '10/01/1963', '23/05/2004', 1384, 1),
	(71, 'Hayes', 'Maxwell', 'F', '04/09/1957', '24/10/1994', 327, 1),
	(72, 'Hall', 'Chantale', 'F', '28/07/1947', '01/09/2009', 634, 17),
	(73, 'Warner', 'Denton', 'M', '30/11/1952', '23/03/2014', 1513, 16),
	(74, 'Santos', 'Jennifer', 'M', '19/11/1961', '16/05/2005', 350, 9),
	(75, 'Herrera', 'Melanie', 'M', '11/12/1972', '11/09/2005', 785, 10),
	(76, 'Booker', 'Kamal', 'M', '15/05/1959', '01/02/2011', 1358, 21),
	(77, 'Bright', 'Melissa', 'M', '19/01/1983', '29/08/2000', 1322, 12),
	(78, 'Lancaster', 'Tashya', 'F', '19/05/1990', '22/04/1997', 1524, 16),
	(79, 'Briggs', 'Leilani', 'M', '22/08/1989', '19/12/2005', 358, 18),
	(80, 'Randall', 'Avram', 'F', '04/06/1963', '14/11/1996', 1598, 16),
	(81, 'Cohen', 'Justine', 'F', '18/04/1954', '31/05/1997', 1545, 3),
	(82, 'Fischer', 'Evan', 'M', '24/11/1973', '27/07/2011', 674, 19),
	(83, 'Rasmussen', 'Winter', 'M', '12/03/1964', '29/03/2012', 1345, 18),
	(84, 'Gallagher', 'Dawn', 'F', '13/07/1975', '02/02/2016', 375, 5),
	(85, 'Spencer', 'Elmo', 'F', '21/03/1956', '10/11/1997', 262, 15),
	(86, 'Shepherd', 'Pamela', 'M', '30/09/1971', '12/07/1995', 701, 10),
	(87, 'Doyle', 'Beau', 'M', '20/09/1987', '18/05/2016', 420, 2),
	(88, 'Summers', 'Camille', 'M', '27/01/1968', '18/08/2013', 483, 22),
	(89, 'Luna', 'Cara', 'M', '22/02/1991', '14/02/1997', 1559, 19),
	(90, 'Gray', 'Timon', 'M', '28/05/1970', '20/11/1999', 1476, 12),
	(91, 'Caldwell', 'Kasimir', 'F', '10/11/1955', '09/09/1999', 1204, 19),
	(92, 'Fischer', 'Hakeem', 'M', '12/02/1964', '01/09/1996', 589, 15),
	(93, 'Haney', 'Kathleen', 'M', '14/04/1958', '18/05/2011', 1036, 17),
	(94, 'Bridges', 'Dakota', 'M', '14/10/1950', '12/04/1995', 235, 12),
	(95, 'Mckay', 'Evelyn', 'F', '12/10/1979', '25/02/2000', 834, 13),
	(96, 'Hudson', 'Tarik', 'F', '06/09/1984', '02/04/1998', 1299, 3),
	(97, 'Fletcher', 'Rebecca', 'F', '18/12/1954', '09/04/1997', 1113, 11),
	(98, 'Guerra', 'Robin', 'F', '25/08/1964', '28/12/2010', 1227, 6),
	(99, 'Ortiz', 'Cailin', 'M', '11/06/1978', '09/10/1995', 1550, 18),
	(100, 'Shannon', 'Lisandra', 'F', '27/12/1945', '06/01/1995', 1521, 11);

SET dateformat 'ymd'
/* TURNOS */
INSERT INTO TURNOS
	(IDTURNO,FECHAHORA,IDMEDICO,IDPACIENTE,DURACION)
VALUES
	(1, '2012-09-08 07:38:00.0', 93, 131, 73),
	(2, '2002-04-18 18:52:00.0', 55, 84, 36),
	(3, '2010-09-04 23:28:00.0', 79, 45, 19),
	(4, '2002-01-08 21:35:00.0', 97, 165, 42),
	(5, '2019-05-17 12:10:00.0', 7, 75, 58),
	(6, '2001-08-12 15:52:00.0', 37, 22, 45),
	(7, '1997-02-15 12:13:00.0', 39, 109, 36),
	(8, '2019-02-01 10:43:00.0', 64, 154, 82),
	(9, '2006-03-17 15:06:00.0', 40, 36, 48),
	(10, '2002-06-26 01:58:00.0', 85, 38, 75),
	(11, '1998-09-22 06:47:00.0', 11, 6, 84),
	(12, '2013-03-03 02:02:00.0', 45, 120, 19),
	(13, '2006-11-15 01:11:00.0', 76, 200, 77),
	(14, '2003-11-01 02:42:00.0', 13, 51, 90),
	(15, '2003-11-13 07:20:00.0', 73, 33, 86),
	(16, '2002-03-27 05:04:00.0', 19, 143, 65),
	(17, '2013-08-23 07:36:00.0', 91, 13, 40),
	(18, '2013-06-09 11:11:00.0', 24, 181, 27),
	(19, '2000-12-18 15:07:00.0', 98, 150, 88),
	(20, '2017-08-21 16:38:00.0', 9, 126, 24),
	(21, '2008-10-19 15:58:00.0', 90, 10, 74),
	(22, '2015-01-11 21:05:00.0', 95, 33, 65),
	(23, '2004-05-09 01:36:00.0', 61, 36, 51),
	(24, '2003-09-28 13:22:00.0', 66, 46, 62),
	(25, '2016-10-07 23:59:00.0', 37, 46, 39),
	(26, '1999-12-19 09:10:00.0', 7, 191, 81),
	(27, '2018-11-01 01:01:00.0', 49, 81, 59),
	(28, '2001-01-08 16:55:00.0', 99, 192, 74),
	(29, '2013-05-16 09:59:00.0', 43, 39, 30),
	(30, '2010-01-24 00:31:00.0', 8, 44, 28),
	(31, '2013-03-23 23:36:00.0', 52, 50, 68),
	(32, '2010-02-15 04:55:00.0', 18, 87, 64),
	(33, '2009-10-19 20:43:00.0', 3, 43, 78),
	(34, '2018-06-19 16:48:00.0', 19, 81, 89),
	(35, '2018-11-04 11:25:00.0', 31, 28, 89),
	(36, '2019-06-16 18:54:00.0', 1, 120, 43),
	(37, '2013-10-10 11:00:00.0', 27, 3, 89),
	(38, '2002-04-28 13:53:00.0', 92, 32, 27),
	(39, '2012-06-13 18:17:00.0', 3, 121, 50),
	(40, '2013-12-13 16:36:00.0', 57, 22, 49),
	(41, '2006-05-27 23:07:00.0', 76, 158, 61),
	(42, '2008-06-25 22:27:00.0', 50, 160, 16),
	(43, '2019-10-08 10:01:00.0', 84, 138, 75),
	(44, '1998-10-07 01:24:00.0', 26, 155, 76),
	(45, '1998-03-12 11:19:00.0', 96, 160, 71),
	(46, '2019-06-23 10:49:00.0', 29, 31, 82),
	(47, '2006-12-07 05:25:00.0', 46, 70, 53),
	(48, '2006-08-19 14:25:00.0', 90, 86, 55),
	(49, '2004-08-30 18:55:00.0', 52, 89, 84),
	(50, '2017-01-12 10:27:00.0', 42, 68, 82),
	(51, '2001-09-12 05:45:00.0', 6, 15, 52),
	(52, '2010-04-13 13:50:00.0', 67, 68, 31),
	(53, '2012-10-04 19:58:00.0', 6, 170, 59),
	(54, '2007-05-01 00:30:00.0', 87, 56, 69),
	(55, '1999-10-13 17:58:00.0', 96, 125, 66),
	(56, '1997-01-08 00:37:00.0', 15, 107, 48),
	(57, '2000-05-02 21:18:00.0', 67, 98, 80),
	(58, '2005-11-09 14:30:00.0', 34, 70, 31),
	(59, '2008-01-20 04:24:00.0', 6, 121, 89),
	(60, '2002-09-18 05:26:00.0', 96, 78, 78),
	(61, '2019-09-11 20:45:00.0', 21, 58, 26),
	(62, '2014-09-06 05:37:00.0', 82, 85, 18),
	(63, '2002-07-09 17:38:00.0', 37, 38, 26),
	(64, '2019-11-05 20:21:00.0', 60, 168, 25),
	(65, '1997-10-18 12:38:00.0', 72, 72, 63),
	(66, '2012-01-29 10:56:00.0', 50, 117, 24),
	(67, '2015-07-17 00:39:00.0', 62, 182, 53),
	(68, '2007-05-19 23:27:00.0', 40, 121, 83),
	(69, '2010-07-10 13:54:00.0', 74, 10, 79),
	(70, '2015-08-20 15:43:00.0', 65, 136, 49),
	(71, '2006-06-17 06:57:00.0', 98, 38, 54),
	(72, '2006-01-23 17:09:00.0', 20, 149, 35),
	(73, '2012-03-30 05:24:00.0', 94, 196, 38),
	(74, '2009-12-09 17:36:00.0', 22, 57, 15),
	(75, '2017-10-16 06:44:00.0', 16, 2, 83),
	(76, '2003-01-27 06:06:00.0', 79, 199, 68),
	(77, '2019-04-22 03:50:00.0', 48, 189, 23),
	(78, '2001-01-05 16:21:00.0', 20, 163, 81),
	(79, '2007-11-18 11:10:00.0', 96, 164, 21),
	(80, '1999-11-10 20:46:00.0', 11, 179, 90),
	(81, '2001-03-03 03:40:00.0', 29, 93, 16),
	(82, '2010-03-14 22:45:00.0', 80, 8, 17),
	(83, '2002-05-16 00:21:00.0', 1, 187, 88),
	(84, '2015-07-13 22:32:00.0', 75, 146, 27),
	(85, '2017-11-01 00:06:00.0', 87, 172, 62),
	(86, '2005-05-09 12:02:00.0', 84, 73, 18),
	(87, '2012-03-03 11:41:00.0', 39, 118, 56),
	(88, '2001-02-09 11:32:00.0', 63, 84, 58),
	(89, '2016-04-08 16:02:00.0', 55, 160, 43),
	(90, '2012-02-19 15:05:00.0', 57, 119, 42),
	(91, '1997-03-03 02:40:00.0', 50, 156, 63),
	(92, '2005-12-26 21:04:00.0', 29, 131, 36),
	(93, '2008-04-09 21:00:00.0', 20, 191, 20),
	(94, '1999-09-30 00:00:00.0', 46, 33, 39),
	(95, '2000-01-28 23:05:00.0', 68, 82, 27),
	(96, '2003-11-24 21:00:00.0', 32, 32, 46),
	(97, '2004-03-18 16:03:00.0', 43, 10, 59),
	(98, '2011-06-27 00:40:00.0', 79, 92, 16),
	(99, '2007-07-29 07:56:00.0', 95, 176, 28),
	(100, '2007-12-08 07:35:00.0', 57, 93, 22),
	(101, '2000-02-15 03:12:00.0', 30, 113, 64),
	(102, '2017-09-04 20:30:00.0', 96, 109, 43),
	(103, '2018-10-05 18:01:00.0', 53, 61, 42),
	(104, '2017-12-14 08:31:00.0', 82, 76, 28),
	(105, '2010-12-06 04:06:00.0', 46, 5, 46),
	(106, '2006-11-16 19:04:00.0', 29, 165, 30),
	(107, '2012-08-02 09:36:00.0', 73, 148, 49),
	(108, '2008-03-15 20:34:00.0', 22, 82, 56),
	(109, '2009-04-15 19:14:00.0', 78, 82, 58),
	(110, '2017-06-25 03:18:00.0', 94, 130, 46),
	(111, '2019-04-17 17:21:00.0', 34, 156, 40),
	(112, '2010-12-28 22:18:00.0', 36, 151, 72),
	(113, '2017-02-08 08:19:00.0', 29, 147, 41),
	(114, '2003-09-24 17:57:00.0', 1, 126, 15),
	(115, '2001-04-21 20:04:00.0', 16, 1, 61),
	(116, '1998-03-19 22:23:00.0', 43, 13, 47),
	(117, '2005-01-13 02:36:00.0', 50, 172, 29),
	(118, '2015-04-09 13:03:00.0', 50, 83, 36),
	(119, '2015-05-04 10:22:00.0', 98, 90, 66),
	(120, '2002-07-15 09:56:00.0', 92, 15, 57),
	(121, '2016-12-15 18:51:00.0', 17, 128, 85),
	(122, '2007-08-22 13:08:00.0', 30, 91, 33),
	(123, '1999-03-27 21:53:00.0', 54, 179, 38),
	(124, '1998-07-23 11:17:00.0', 41, 112, 53),
	(125, '2010-07-11 06:09:00.0', 87, 174, 34),
	(126, '2014-10-02 16:05:00.0', 39, 127, 21),
	(127, '1997-03-12 12:16:00.0', 53, 172, 51),
	(128, '2004-02-19 01:58:00.0', 75, 107, 79),
	(129, '2007-07-16 12:51:00.0', 44, 35, 64),
	(130, '2012-07-01 17:09:00.0', 86, 71, 45),
	(131, '2004-11-28 18:21:00.0', 31, 55, 45),
	(132, '2003-03-11 03:47:00.0', 37, 66, 53),
	(133, '1996-11-17 10:32:00.0', 57, 101, 19),
	(134, '2015-05-29 04:49:00.0', 7, 10, 20),
	(135, '2007-02-15 18:50:00.0', 10, 43, 78),
	(136, '2016-04-12 00:51:00.0', 55, 165, 48),
	(137, '2009-10-28 00:00:00.0', 84, 68, 37),
	(138, '2002-09-07 17:33:00.0', 24, 156, 66),
	(139, '1998-05-14 23:17:00.0', 77, 44, 80),
	(140, '2011-08-27 16:58:00.0', 42, 193, 84),
	(141, '1997-07-01 02:52:00.0', 26, 88, 27),
	(142, '2006-09-30 15:14:00.0', 82, 190, 51),
	(143, '2002-02-16 07:42:00.0', 42, 38, 23),
	(144, '2007-02-20 02:28:00.0', 75, 124, 30),
	(145, '1998-01-11 12:55:00.0', 9, 56, 80),
	(146, '2004-05-03 16:10:00.0', 42, 79, 75),
	(147, '2002-03-26 17:04:00.0', 85, 76, 37),
	(148, '1997-03-06 07:31:00.0', 1, 121, 48),
	(149, '2002-03-21 22:41:00.0', 89, 83, 43),
	(150, '2001-11-09 08:33:00.0', 32, 152, 46),
	(151, '2008-07-03 12:42:00.0', 6, 97, 52),
	(152, '2001-07-01 01:54:00.0', 43, 190, 66),
	(153, '2017-03-06 17:35:00.0', 55, 67, 53),
	(154, '2003-12-21 09:00:00.0', 48, 137, 85),
	(155, '2016-09-19 08:30:00.0', 87, 118, 15),
	(156, '2018-07-04 16:54:00.0', 70, 102, 60),
	(157, '2008-10-22 13:56:00.0', 65, 113, 42),
	(158, '2019-10-31 13:57:00.0', 19, 151, 40),
	(159, '2006-11-02 16:45:00.0', 28, 133, 15),
	(160, '2010-06-08 20:33:00.0', 21, 22, 85),
	(161, '2003-07-27 05:56:00.0', 91, 17, 40),
	(162, '1998-07-27 23:59:00.0', 5, 193, 59),
	(163, '2015-06-01 14:58:00.0', 34, 129, 32),
	(164, '2017-02-01 04:35:00.0', 3, 76, 75),
	(165, '1999-02-16 14:21:00.0', 96, 38, 48),
	(166, '1997-04-30 12:45:00.0', 11, 87, 81),
	(167, '2003-09-24 11:07:00.0', 84, 156, 71),
	(168, '2006-12-18 01:28:00.0', 64, 122, 76),
	(169, '2018-07-13 02:20:00.0', 89, 46, 52),
	(170, '2003-07-27 11:05:00.0', 49, 191, 30),
	(171, '2013-05-10 04:54:00.0', 74, 107, 67),
	(172, '2012-12-27 03:57:00.0', 10, 164, 34),
	(173, '2009-12-14 14:46:00.0', 55, 1, 62),
	(174, '2007-09-01 18:40:00.0', 91, 132, 80),
	(175, '2002-03-26 18:10:00.0', 53, 73, 25),
	(176, '2008-02-08 10:50:00.0', 57, 129, 46),
	(177, '1999-07-04 01:48:00.0', 81, 133, 39),
	(178, '2002-02-19 03:39:00.0', 20, 160, 63),
	(179, '2008-03-17 12:51:00.0', 10, 50, 67),
	(180, '2014-08-18 20:09:00.0', 78, 140, 71),
	(181, '2015-11-17 21:08:00.0', 43, 49, 70),
	(182, '2003-07-06 22:35:00.0', 9, 116, 80),
	(183, '1998-10-28 10:14:00.0', 32, 54, 63),
	(184, '2012-01-25 00:05:00.0', 81, 170, 75),
	(185, '2012-07-06 11:36:00.0', 58, 18, 20),
	(186, '2012-01-01 20:06:00.0', 47, 36, 58),
	(187, '1998-03-26 13:18:00.0', 62, 22, 18),
	(188, '2001-07-13 00:37:00.0', 10, 71, 83),
	(189, '2013-09-08 10:39:00.0', 17, 31, 39),
	(190, '2011-04-01 12:26:00.0', 27, 16, 84),
	(191, '2013-12-02 18:36:00.0', 32, 191, 40),
	(192, '2006-09-01 14:03:00.0', 9, 156, 42),
	(193, '2016-11-24 12:52:00.0', 46, 29, 51),
	(194, '2011-07-19 08:42:00.0', 13, 191, 57),
	(195, '2010-10-14 21:05:00.0', 35, 91, 23),
	(196, '2010-05-05 14:41:00.0', 45, 27, 89),
	(197, '2003-11-19 02:00:00.0', 3, 118, 56),
	(198, '2004-09-18 06:34:00.0', 12, 173, 50),
	(199, '2001-10-04 22:03:00.0', 47, 26, 56),
	(200, '2003-01-20 23:44:00.0', 38, 23, 18),
	(201, '2014-03-20 22:46:00.0', 98, 108, 19),
	(202, '2004-10-10 09:32:00.0', 7, 16, 20),
	(203, '1999-09-05 10:53:00.0', 6, 191, 17),
	(204, '2001-07-11 03:38:00.0', 60, 83, 61),
	(205, '1999-06-12 20:34:00.0', 94, 149, 88),
	(206, '2017-05-14 10:27:00.0', 88, 57, 37),
	(207, '2017-04-19 05:37:00.0', 62, 166, 72),
	(208, '2016-11-11 00:41:00.0', 31, 122, 34),
	(209, '2012-07-09 13:21:00.0', 81, 12, 81),
	(210, '1999-09-12 03:23:00.0', 88, 196, 81),
	(211, '2005-04-26 05:58:00.0', 44, 46, 17),
	(212, '2001-07-09 19:08:00.0', 6, 17, 15),
	(213, '2013-01-16 06:39:00.0', 71, 87, 89),
	(214, '2017-05-11 06:07:00.0', 3, 199, 77),
	(215, '2019-08-12 12:46:00.0', 24, 136, 53),
	(216, '2000-09-15 16:34:00.0', 83, 153, 61),
	(217, '1997-12-06 23:37:00.0', 99, 137, 69),
	(218, '2014-02-11 18:50:00.0', 53, 68, 63),
	(219, '2011-08-03 09:40:00.0', 41, 129, 23),
	(220, '2001-01-31 20:01:00.0', 18, 32, 16),
	(221, '2014-06-16 15:58:00.0', 7, 148, 82),
	(222, '1997-11-14 08:28:00.0', 61, 121, 18),
	(223, '2009-07-05 06:51:00.0', 87, 160, 56),
	(224, '2001-10-31 00:41:00.0', 22, 187, 37),
	(225, '2007-03-19 04:03:00.0', 79, 182, 29),
	(226, '2003-12-15 17:59:00.0', 31, 104, 21),
	(227, '2009-12-12 16:47:00.0', 17, 37, 86),
	(228, '2003-03-23 07:54:00.0', 22, 29, 62),
	(229, '2012-04-16 20:44:00.0', 53, 107, 26),
	(230, '2009-12-29 17:19:00.0', 58, 53, 55),
	(231, '2015-10-18 14:34:00.0', 66, 134, 55),
	(232, '2003-10-27 15:46:00.0', 25, 113, 48),
	(233, '2002-10-19 13:42:00.0', 23, 148, 22),
	(234, '1997-08-17 04:32:00.0', 5, 2, 44),
	(235, '2017-04-25 02:10:00.0', 3, 90, 67),
	(236, '2011-04-28 22:55:00.0', 92, 46, 23),
	(237, '2009-06-11 17:15:00.0', 55, 150, 38),
	(238, '2004-10-09 07:52:00.0', 96, 110, 87),
	(239, '2013-01-01 13:16:00.0', 96, 148, 47),
	(240, '2018-11-15 03:11:00.0', 50, 41, 37),
	(241, '2016-11-14 08:40:00.0', 20, 91, 35),
	(242, '2011-08-20 07:42:00.0', 46, 48, 39),
	(243, '2002-05-17 16:21:00.0', 80, 171, 52),
	(244, '1999-12-29 16:24:00.0', 30, 78, 52),
	(245, '2001-03-16 20:18:00.0', 64, 57, 46),
	(246, '2000-01-27 07:24:00.0', 96, 2, 18),
	(247, '2009-06-14 00:26:00.0', 21, 96, 43),
	(248, '2010-04-13 08:16:00.0', 64, 157, 67),
	(249, '2019-09-12 11:12:00.0', 9, 161, 33),
	(250, '2016-04-02 17:57:00.0', 65, 66, 48),
	(251, '2016-03-27 07:05:00.0', 77, 74, 85),
	(252, '1999-02-06 22:51:00.0', 64, 20, 55),
	(253, '1998-08-14 15:08:00.0', 86, 95, 39),
	(254, '2004-09-27 05:35:00.0', 71, 190, 89),
	(255, '2011-08-30 03:33:00.0', 89, 125, 61),
	(256, '2016-01-26 08:33:00.0', 8, 55, 39),
	(257, '1998-06-24 23:28:00.0', 55, 44, 43),
	(258, '2008-02-29 08:09:00.0', 88, 66, 55),
	(259, '2015-06-12 20:11:00.0', 38, 132, 71),
	(260, '2000-06-26 10:08:00.0', 93, 20, 37),
	(261, '2012-10-21 12:29:00.0', 55, 195, 67),
	(262, '2007-05-19 13:10:00.0', 91, 183, 18),
	(263, '2014-08-26 19:49:00.0', 93, 68, 55),
	(264, '2014-05-05 21:33:00.0', 31, 149, 67),
	(265, '2007-12-13 17:32:00.0', 19, 64, 70),
	(266, '2018-11-12 06:20:00.0', 72, 87, 86),
	(267, '2001-09-26 01:10:00.0', 74, 124, 26),
	(268, '2007-10-27 08:07:00.0', 5, 171, 37),
	(269, '2007-02-28 18:29:00.0', 91, 41, 68),
	(270, '2017-06-22 14:33:00.0', 92, 90, 32),
	(271, '2015-02-21 15:19:00.0', 55, 90, 62),
	(272, '2012-07-08 22:25:00.0', 74, 82, 20),
	(273, '2016-05-26 01:25:00.0', 48, 48, 83),
	(274, '2006-06-30 03:10:00.0', 82, 142, 21),
	(275, '2018-01-20 14:04:00.0', 77, 68, 67),
	(276, '2015-11-29 08:26:00.0', 99, 138, 75),
	(277, '2013-09-15 11:39:00.0', 54, 169, 60),
	(278, '2002-10-19 02:20:00.0', 49, 55, 46),
	(279, '2011-09-13 16:17:00.0', 95, 148, 77),
	(280, '2000-02-16 13:25:00.0', 65, 34, 15),
	(281, '2013-07-03 04:16:00.0', 18, 84, 89),
	(282, '2015-05-14 02:43:00.0', 86, 110, 49),
	(283, '1998-09-07 11:56:00.0', 9, 123, 62),
	(284, '2014-09-03 01:16:00.0', 69, 181, 42),
	(285, '2001-04-26 12:47:00.0', 64, 88, 85),
	(286, '2007-11-01 07:26:00.0', 57, 62, 34),
	(287, '2006-10-23 23:11:00.0', 25, 198, 19),
	(288, '2013-06-13 19:11:00.0', 32, 86, 53),
	(289, '2003-09-26 14:21:00.0', 45, 9, 53),
	(290, '2018-09-03 01:25:00.0', 39, 9, 82),
	(291, '2009-09-20 12:46:00.0', 34, 113, 64),
	(292, '2011-02-21 19:13:00.0', 70, 2, 59),
	(293, '2017-05-02 18:17:00.0', 83, 107, 53),
	(294, '1996-11-11 12:45:00.0', 61, 142, 39),
	(295, '2013-09-14 12:06:00.0', 48, 17, 36),
	(296, '1997-09-12 14:43:00.0', 89, 41, 45),
	(297, '1998-09-16 17:02:00.0', 22, 48, 36),
	(298, '2010-10-06 18:10:00.0', 53, 121, 17),
	(299, '2013-08-18 09:13:00.0', 12, 6, 60),
	(300, '2007-09-04 11:18:00.0', 99, 13, 86),
	(301, '2018-07-31 19:56:00.0', 40, 81, 48),
	(302, '2017-04-21 20:39:00.0', 9, 140, 52),
	(303, '2017-06-08 11:30:00.0', 19, 97, 89),
	(304, '2005-12-21 12:24:00.0', 53, 159, 31),
	(305, '2004-04-01 21:51:00.0', 15, 117, 21),
	(306, '2016-11-04 00:18:00.0', 40, 30, 19),
	(307, '2016-11-26 08:11:00.0', 70, 132, 42),
	(308, '2012-02-19 14:17:00.0', 73, 76, 78),
	(309, '2013-01-12 21:17:00.0', 75, 186, 19),
	(310, '2016-01-23 19:43:00.0', 3, 69, 43),
	(311, '2006-10-10 04:03:00.0', 65, 33, 60),
	(312, '2015-02-27 00:07:00.0', 26, 55, 26),
	(313, '2018-04-09 10:32:00.0', 48, 96, 90),
	(314, '2011-08-29 23:33:00.0', 68, 160, 36),
	(315, '2013-09-07 19:29:00.0', 23, 48, 90),
	(316, '2011-07-06 22:17:00.0', 8, 26, 44),
	(317, '2002-12-16 12:26:00.0', 2, 3, 78),
	(318, '2013-06-19 22:47:00.0', 79, 54, 37),
	(319, '2017-04-21 00:17:00.0', 56, 176, 80),
	(320, '1999-01-25 06:02:00.0', 33, 37, 66),
	(321, '2008-01-04 12:22:00.0', 46, 163, 62),
	(322, '2011-08-17 15:10:00.0', 60, 165, 49),
	(323, '2013-04-16 20:00:00.0', 32, 31, 53),
	(324, '2012-06-14 08:24:00.0', 45, 197, 17),
	(325, '2009-11-16 16:22:00.0', 26, 97, 59),
	(326, '2002-03-24 04:45:00.0', 77, 173, 65),
	(327, '2003-11-06 09:12:00.0', 35, 96, 62),
	(328, '2006-03-13 02:07:00.0', 62, 151, 55),
	(329, '2008-01-27 01:37:00.0', 13, 8, 57),
	(330, '2000-12-06 05:12:00.0', 70, 75, 18),
	(331, '2016-04-01 12:51:00.0', 60, 182, 90),
	(332, '2010-07-22 14:30:00.0', 90, 12, 86),
	(333, '2011-10-02 04:11:00.0', 56, 55, 41),
	(334, '2013-08-06 21:44:00.0', 16, 96, 45),
	(335, '2014-06-13 06:27:00.0', 40, 50, 31),
	(336, '2005-02-02 16:25:00.0', 37, 136, 28),
	(337, '2010-08-09 11:15:00.0', 42, 3, 45),
	(338, '2008-04-07 16:15:00.0', 49, 90, 24),
	(339, '2000-06-15 02:26:00.0', 79, 47, 69),
	(340, '2002-10-02 15:51:00.0', 79, 156, 31),
	(341, '2010-05-21 23:04:00.0', 97, 48, 36),
	(342, '2005-12-15 19:44:00.0', 76, 5, 71),
	(343, '2010-01-04 18:39:00.0', 21, 124, 76),
	(344, '2015-08-18 13:59:00.0', 39, 120, 49),
	(345, '2019-09-10 02:47:00.0', 60, 100, 82),
	(346, '2004-03-19 21:15:00.0', 68, 79, 65),
	(347, '1999-06-03 01:51:00.0', 27, 75, 49),
	(348, '1997-02-25 19:05:00.0', 55, 182, 86),
	(349, '2000-01-09 14:37:00.0', 68, 72, 36),
	(350, '2009-11-18 21:34:00.0', 36, 102, 87),
	(351, '2015-03-17 01:28:00.0', 72, 146, 33),
	(352, '2001-07-24 20:43:00.0', 97, 50, 39),
	(353, '2012-06-24 12:31:00.0', 33, 170, 63),
	(354, '1998-02-19 13:29:00.0', 29, 169, 23),
	(355, '2006-04-18 04:59:00.0', 52, 62, 70),
	(356, '2014-02-20 09:19:00.0', 52, 36, 21),
	(357, '2005-02-27 00:23:00.0', 8, 15, 70),
	(358, '2016-02-15 23:50:00.0', 23, 81, 89),
	(359, '2002-03-09 18:27:00.0', 46, 138, 67),
	(360, '2000-11-04 00:06:00.0', 58, 21, 71),
	(361, '2016-07-30 14:38:00.0', 16, 127, 75),
	(362, '2016-03-29 06:33:00.0', 33, 175, 28),
	(363, '2017-04-02 21:04:00.0', 44, 56, 27),
	(364, '2002-02-05 17:48:00.0', 48, 91, 71),
	(365, '1998-06-21 08:37:00.0', 72, 140, 57),
	(366, '2002-07-14 18:48:00.0', 41, 30, 53),
	(367, '2011-02-18 19:04:00.0', 46, 28, 55),
	(368, '2002-02-07 02:32:00.0', 38, 29, 44),
	(369, '2014-12-29 16:59:00.0', 98, 175, 47),
	(370, '2005-01-22 01:32:00.0', 11, 37, 37),
	(371, '1997-08-29 15:10:00.0', 8, 187, 76),
	(372, '2016-04-08 08:21:00.0', 28, 54, 71),
	(373, '2001-02-23 11:14:00.0', 49, 3, 74),
	(374, '1999-06-13 20:55:00.0', 26, 113, 40),
	(375, '2015-11-01 17:56:00.0', 91, 187, 77),
	(376, '2013-08-10 21:55:00.0', 42, 198, 75),
	(377, '1997-05-14 09:21:00.0', 89, 38, 51),
	(378, '2001-03-30 06:01:00.0', 18, 167, 88),
	(379, '2004-09-23 14:08:00.0', 65, 172, 23),
	(380, '2014-12-08 10:44:00.0', 8, 124, 84),
	(381, '2001-02-09 00:06:00.0', 60, 108, 50),
	(382, '2008-09-21 15:00:00.0', 75, 87, 61),
	(383, '2006-09-09 10:10:00.0', 95, 171, 36),
	(384, '2003-07-09 02:44:00.0', 10, 119, 86),
	(385, '2008-11-19 13:28:00.0', 32, 91, 48),
	(386, '2008-09-29 02:08:00.0', 98, 159, 66),
	(387, '2001-05-08 04:27:00.0', 17, 102, 44),
	(388, '2008-04-25 01:14:00.0', 6, 52, 58),
	(389, '2015-09-11 11:18:00.0', 18, 189, 79),
	(390, '1998-07-24 09:12:00.0', 85, 56, 32),
	(391, '1998-02-26 06:54:00.0', 56, 34, 15),
	(392, '2011-05-02 09:53:00.0', 64, 178, 25),
	(393, '2005-01-14 04:22:00.0', 9, 96, 28),
	(394, '1998-06-03 20:37:00.0', 52, 149, 26),
	(395, '2002-02-09 14:37:00.0', 10, 66, 55),
	(396, '2016-10-30 18:43:00.0', 68, 101, 63),
	(397, '2006-02-02 07:05:00.0', 43, 69, 38),
	(398, '1998-12-01 14:30:00.0', 33, 51, 59),
	(399, '1999-01-17 05:00:00.0', 39, 6, 30),
	(400, '2016-08-28 10:01:00.0', 57, 64, 40),
	(401, '1997-03-14 01:09:00.0', 5, 140, 39),
	(402, '2006-10-25 01:19:00.0', 16, 120, 28),
	(403, '2014-07-02 01:01:00.0', 83, 117, 80),
	(404, '1997-05-01 15:07:00.0', 84, 185, 16),
	(405, '2007-12-04 19:51:00.0', 67, 149, 17),
	(406, '2019-08-23 11:35:00.0', 59, 90, 62),
	(407, '2015-04-06 13:50:00.0', 21, 146, 22),
	(408, '2000-08-12 00:45:00.0', 2, 88, 49),
	(409, '2002-09-29 13:01:00.0', 51, 178, 56),
	(410, '1998-02-17 14:13:00.0', 6, 70, 23),
	(411, '2000-05-26 07:07:00.0', 55, 164, 48),
	(412, '2017-05-06 05:15:00.0', 68, 143, 15),
	(413, '2008-06-25 05:01:00.0', 44, 33, 56),
	(414, '2006-02-14 18:55:00.0', 44, 73, 48),
	(415, '2012-09-18 21:07:00.0', 6, 22, 44),
	(416, '2009-10-17 03:58:00.0', 76, 185, 69),
	(417, '2015-07-19 08:16:00.0', 89, 65, 52),
	(418, '2002-06-13 07:17:00.0', 29, 71, 72),
	(419, '2019-09-05 05:14:00.0', 51, 136, 63),
	(420, '2018-07-16 10:13:00.0', 6, 79, 27),
	(421, '2012-04-04 10:46:00.0', 98, 76, 62),
	(422, '2016-12-26 09:37:00.0', 7, 78, 22),
	(423, '2014-01-12 00:00:00.0', 89, 190, 48),
	(424, '2007-02-15 06:44:00.0', 31, 147, 82),
	(425, '2006-06-13 17:27:00.0', 6, 58, 60),
	(426, '2009-02-19 06:52:00.0', 25, 184, 63),
	(427, '2010-05-05 06:37:00.0', 31, 176, 29),
	(428, '1999-06-10 05:37:00.0', 14, 67, 73),
	(429, '2013-04-14 00:13:00.0', 51, 155, 45),
	(430, '2014-12-07 07:58:00.0', 92, 77, 24),
	(431, '2018-02-28 07:00:00.0', 46, 11, 24),
	(432, '2000-10-09 15:09:00.0', 72, 191, 54),
	(433, '2016-03-02 23:02:00.0', 10, 197, 21),
	(434, '2002-08-09 06:51:00.0', 9, 29, 72),
	(435, '2014-02-10 16:27:00.0', 34, 136, 18),
	(436, '2007-07-29 04:59:00.0', 41, 5, 49),
	(437, '2016-05-29 21:09:00.0', 70, 144, 40),
	(438, '2013-03-09 19:01:00.0', 9, 158, 87),
	(439, '2001-05-31 11:52:00.0', 47, 4, 37),
	(440, '2013-04-08 05:10:00.0', 16, 4, 89),
	(441, '2010-10-28 14:58:00.0', 11, 128, 41),
	(442, '2019-04-16 04:44:00.0', 42, 136, 86),
	(443, '1998-10-07 12:28:00.0', 28, 32, 53),
	(444, '2013-05-28 13:09:00.0', 39, 82, 49),
	(445, '2004-08-05 11:03:00.0', 92, 89, 29),
	(446, '2015-09-29 16:13:00.0', 79, 177, 44),
	(447, '2003-06-26 03:18:00.0', 3, 14, 39),
	(448, '2010-11-05 03:45:00.0', 63, 108, 36),
	(449, '2013-04-01 11:41:00.0', 67, 128, 40),
	(450, '2008-09-24 17:41:00.0', 48, 84, 75),
	(451, '2004-11-25 16:35:00.0', 6, 125, 21),
	(452, '2012-11-26 17:16:00.0', 89, 7, 82),
	(453, '2007-07-24 09:29:00.0', 76, 163, 79),
	(454, '1996-11-17 20:07:00.0', 52, 188, 34),
	(455, '2009-01-25 11:54:00.0', 52, 92, 60),
	(456, '2014-03-03 14:11:00.0', 32, 141, 88),
	(457, '2015-08-25 19:43:00.0', 44, 92, 83),
	(458, '2017-03-12 19:38:00.0', 94, 27, 41),
	(459, '2002-02-01 12:57:00.0', 26, 85, 27),
	(460, '1997-01-19 17:09:00.0', 96, 75, 76),
	(461, '2015-11-29 09:46:00.0', 62, 67, 74),
	(462, '2014-12-05 21:10:00.0', 67, 10, 53),
	(463, '2003-01-28 23:05:00.0', 21, 164, 31),
	(464, '2005-11-08 07:15:00.0', 12, 23, 15),
	(465, '2018-09-04 20:45:00.0', 83, 127, 68),
	(466, '2004-09-30 08:43:00.0', 70, 147, 29),
	(467, '2017-12-13 15:43:00.0', 14, 12, 77),
	(468, '1998-02-24 11:29:00.0', 90, 13, 29),
	(469, '2003-06-17 16:46:00.0', 65, 29, 49),
	(470, '2004-06-19 10:03:00.0', 7, 133, 46),
	(471, '2000-06-03 23:27:00.0', 40, 43, 49),
	(472, '2012-08-07 23:25:00.0', 49, 56, 30),
	(473, '1998-11-23 01:31:00.0', 76, 39, 41),
	(474, '2014-03-17 12:16:00.0', 11, 178, 52),
	(475, '2018-04-28 05:17:00.0', 34, 154, 37),
	(476, '2015-11-02 05:40:00.0', 11, 146, 52),
	(477, '2017-11-12 07:31:00.0', 22, 103, 84),
	(478, '2011-08-07 08:29:00.0', 52, 133, 63),
	(479, '2001-07-20 14:45:00.0', 15, 67, 49),
	(480, '1998-10-23 15:05:00.0', 54, 37, 88),
	(481, '2000-01-14 14:59:00.0', 20, 170, 30),
	(482, '2011-03-04 15:29:00.0', 52, 106, 79),
	(483, '2010-02-16 10:22:00.0', 36, 136, 36),
	(484, '2017-05-03 22:18:00.0', 74, 149, 84),
	(485, '2001-05-28 12:02:00.0', 51, 183, 73),
	(486, '2018-03-03 06:51:00.0', 62, 150, 56),
	(487, '2005-07-15 06:13:00.0', 42, 158, 17),
	(488, '2005-01-27 17:39:00.0', 43, 104, 67),
	(489, '2013-12-02 07:46:00.0', 76, 30, 70),
	(490, '2003-06-12 23:09:00.0', 78, 167, 66),
	(491, '2000-11-16 19:32:00.0', 61, 5, 77),
	(492, '1998-12-24 05:15:00.0', 47, 82, 58),
	(493, '2010-10-25 22:49:00.0', 65, 43, 52),
	(494, '2019-09-15 20:23:00.0', 18, 112, 50),
	(495, '1999-02-25 02:28:00.0', 79, 2, 43),
	(496, '2006-05-24 16:16:00.0', 100, 23, 35),
	(497, '2004-07-02 23:17:00.0', 24, 174, 41),
	(498, '2009-07-05 15:45:00.0', 85, 154, 18),
	(499, '2010-12-10 10:41:00.0', 20, 27, 80),
	(500, '1998-06-24 06:06:00.0', 13, 187, 80);